tweet_id,text,created_at,user_verified,has_media,likes,retweets
1,This is tweet number 1,2024-01-01 00:00:00,True,False,8,3
2,This is tweet number 2,2024-01-01 01:00:00,False,True,4,5
3,This is tweet number 3,2024-01-01 02:00:00,True,True,5,2
4,This is tweet number 4,2024-01-01 03:00:00,True,True,10,0
5,This is tweet number 5,2024-01-01 04:00:00,True,True,3,3
6,This is tweet number 6,2024-01-01 05:00:00,False,True,4,6
7,This is tweet number 7,2024-01-01 06:00:00,True,False,7,3
8,This is tweet number 8,2024-01-01 07:00:00,True,True,5,2
9,This is tweet number 9,2024-01-01 08:00:00,True,False,10,2
10,This is tweet number 10,2024-01-01 09:00:00,False,False,4,2
11,This is tweet number 11,2024-01-01 10:00:00,True,True,2,3
12,This is tweet number 12,2024-01-01 11:00:00,True,True,3,7
13,This is tweet number 13,2024-01-01 12:00:00,True,False,5,0
14,This is tweet number 14,2024-01-01 13:00:00,True,True,8,3
15,This is tweet number 15,2024-01-01 14:00:00,False,True,4,3
16,This is tweet number 16,2024-01-01 15:00:00,True,False,3,4
17,This is tweet number 17,2024-01-01 16:00:00,False,False,8,3
18,This is tweet number 18,2024-01-01 17:00:00,False,True,6,3
19,This is tweet number 19,2024-01-01 18:00:00,False,False,8,3
20,This is tweet number 20,2024-01-01 19:00:00,True,True,3,3
21,This is tweet number 21,2024-01-01 20:00:00,False,True,3,7
22,This is tweet number 22,2024-01-01 21:00:00,True,True,5,2
23,This is tweet number 23,2024-01-01 22:00:00,False,False,11,2
24,This is tweet number 24,2024-01-01 23:00:00,False,False,7,3
25,This is tweet number 25,2024-01-02 00:00:00,False,False,4,3
26,This is tweet number 26,2024-01-02 01:00:00,False,False,3,4
27,This is tweet number 27,2024-01-02 02:00:00,False,False,8,2
28,This is tweet number 28,2024-01-02 03:00:00,False,True,8,3
29,This is tweet number 29,2024-01-02 04:00:00,False,True,3,3
30,This is tweet number 30,2024-01-02 05:00:00,False,True,3,3
31,This is tweet number 31,2024-01-02 06:00:00,True,True,6,2
32,This is tweet number 32,2024-01-02 07:00:00,True,False,2,3
33,This is tweet number 33,2024-01-02 08:00:00,False,True,7,1
34,This is tweet number 34,2024-01-02 09:00:00,False,False,5,5
35,This is tweet number 35,2024-01-02 10:00:00,False,True,5,4
36,This is tweet number 36,2024-01-02 11:00:00,True,False,6,3
37,This is tweet number 37,2024-01-02 12:00:00,False,False,1,4
38,This is tweet number 38,2024-01-02 13:00:00,True,True,10,3
39,This is tweet number 39,2024-01-02 14:00:00,True,True,2,3
40,This is tweet number 40,2024-01-02 15:00:00,True,True,5,4
41,This is tweet number 41,2024-01-02 16:00:00,True,True,4,3
42,This is tweet number 42,2024-01-02 17:00:00,True,False,5,4
43,This is tweet number 43,2024-01-02 18:00:00,False,True,4,2
44,This is tweet number 44,2024-01-02 19:00:00,False,True,5,5
45,This is tweet number 45,2024-01-02 20:00:00,False,False,6,4
46,This is tweet number 46,2024-01-02 21:00:00,False,True,1,2
47,This is tweet number 47,2024-01-02 22:00:00,False,True,3,3
48,This is tweet number 48,2024-01-02 23:00:00,True,True,2,4
49,This is tweet number 49,2024-01-03 00:00:00,False,True,5,4
50,This is tweet number 50,2024-01-03 01:00:00,False,True,4,4
51,This is tweet number 51,2024-01-03 02:00:00,True,False,7,5
52,This is tweet number 52,2024-01-03 03:00:00,False,True,7,2
53,This is tweet number 53,2024-01-03 04:00:00,True,True,2,3
54,This is tweet number 54,2024-01-03 05:00:00,False,True,6,3
55,This is tweet number 55,2024-01-03 06:00:00,True,True,7,3
56,This is tweet number 56,2024-01-03 07:00:00,False,True,2,2
57,This is tweet number 57,2024-01-03 08:00:00,False,False,7,3
58,This is tweet number 58,2024-01-03 09:00:00,True,True,5,2
59,This is tweet number 59,2024-01-03 10:00:00,True,False,7,6
60,This is tweet number 60,2024-01-03 11:00:00,True,False,6,4
61,This is tweet number 61,2024-01-03 12:00:00,True,True,5,2
62,This is tweet number 62,2024-01-03 13:00:00,True,True,6,1
63,This is tweet number 63,2024-01-03 14:00:00,True,True,5,4
64,This is tweet number 64,2024-01-03 15:00:00,True,True,4,4
65,This is tweet number 65,2024-01-03 16:00:00,True,False,7,2
66,This is tweet number 66,2024-01-03 17:00:00,False,True,1,6
67,This is tweet number 67,2024-01-03 18:00:00,False,True,8,3
68,This is tweet number 68,2024-01-03 19:00:00,True,True,4,0
69,This is tweet number 69,2024-01-03 20:00:00,False,True,5,3
70,This is tweet number 70,2024-01-03 21:00:00,False,True,3,1
71,This is tweet number 71,2024-01-03 22:00:00,False,True,7,2
72,This is tweet number 72,2024-01-03 23:00:00,False,False,2,3
73,This is tweet number 73,2024-01-04 00:00:00,True,False,5,2
74,This is tweet number 74,2024-01-04 01:00:00,False,True,10,3
75,This is tweet number 75,2024-01-04 02:00:00,True,True,7,3
76,This is tweet number 76,2024-01-04 03:00:00,False,True,7,2
77,This is tweet number 77,2024-01-04 04:00:00,False,False,10,5
78,This is tweet number 78,2024-01-04 05:00:00,False,True,1,1
79,This is tweet number 79,2024-01-04 06:00:00,True,False,5,3
80,This is tweet number 80,2024-01-04 07:00:00,False,True,3,3
81,This is tweet number 81,2024-01-04 08:00:00,True,True,8,3
82,This is tweet number 82,2024-01-04 09:00:00,False,True,7,4
83,This is tweet number 83,2024-01-04 10:00:00,True,True,3,4
84,This is tweet number 84,2024-01-04 11:00:00,False,False,1,1
85,This is tweet number 85,2024-01-04 12:00:00,True,False,5,4
86,This is tweet number 86,2024-01-04 13:00:00,True,True,3,2
87,This is tweet number 87,2024-01-04 14:00:00,False,True,6,1
88,This is tweet number 88,2024-01-04 15:00:00,True,False,3,3
89,This is tweet number 89,2024-01-04 16:00:00,False,False,4,4
90,This is tweet number 90,2024-01-04 17:00:00,False,False,5,0
91,This is tweet number 91,2024-01-04 18:00:00,False,False,8,4
92,This is tweet number 92,2024-01-04 19:00:00,False,True,7,3
93,This is tweet number 93,2024-01-04 20:00:00,False,False,5,4
94,This is tweet number 94,2024-01-04 21:00:00,False,True,4,0
95,This is tweet number 95,2024-01-04 22:00:00,False,False,6,2
96,This is tweet number 96,2024-01-04 23:00:00,False,False,8,6
97,This is tweet number 97,2024-01-05 00:00:00,False,False,4,4
98,This is tweet number 98,2024-01-05 01:00:00,False,False,3,4
99,This is tweet number 99,2024-01-05 02:00:00,False,False,2,2
100,This is tweet number 100,2024-01-05 03:00:00,True,True,3,1
101,This is tweet number 101,2024-01-05 04:00:00,True,True,9,2
102,This is tweet number 102,2024-01-05 05:00:00,False,False,5,3
103,This is tweet number 103,2024-01-05 06:00:00,False,False,4,2
104,This is tweet number 104,2024-01-05 07:00:00,False,True,7,4
105,This is tweet number 105,2024-01-05 08:00:00,False,False,8,3
106,This is tweet number 106,2024-01-05 09:00:00,False,False,4,3
107,This is tweet number 107,2024-01-05 10:00:00,False,True,4,1
108,This is tweet number 108,2024-01-05 11:00:00,False,False,8,3
109,This is tweet number 109,2024-01-05 12:00:00,False,False,5,4
110,This is tweet number 110,2024-01-05 13:00:00,True,True,5,3
111,This is tweet number 111,2024-01-05 14:00:00,False,True,6,2
112,This is tweet number 112,2024-01-05 15:00:00,True,True,7,2
113,This is tweet number 113,2024-01-05 16:00:00,False,False,2,4
114,This is tweet number 114,2024-01-05 17:00:00,False,True,1,1
115,This is tweet number 115,2024-01-05 18:00:00,True,True,7,4
116,This is tweet number 116,2024-01-05 19:00:00,False,True,5,1
117,This is tweet number 117,2024-01-05 20:00:00,True,True,4,2
118,This is tweet number 118,2024-01-05 21:00:00,False,True,4,1
119,This is tweet number 119,2024-01-05 22:00:00,False,True,3,1
120,This is tweet number 120,2024-01-05 23:00:00,True,False,8,2
121,This is tweet number 121,2024-01-06 00:00:00,False,False,7,4
122,This is tweet number 122,2024-01-06 01:00:00,True,True,1,3
123,This is tweet number 123,2024-01-06 02:00:00,False,True,2,4
124,This is tweet number 124,2024-01-06 03:00:00,True,True,4,2
125,This is tweet number 125,2024-01-06 04:00:00,True,False,6,3
126,This is tweet number 126,2024-01-06 05:00:00,False,False,4,5
127,This is tweet number 127,2024-01-06 06:00:00,False,False,6,5
128,This is tweet number 128,2024-01-06 07:00:00,True,False,8,3
129,This is tweet number 129,2024-01-06 08:00:00,False,False,7,4
130,This is tweet number 130,2024-01-06 09:00:00,False,False,5,4
131,This is tweet number 131,2024-01-06 10:00:00,False,False,2,3
132,This is tweet number 132,2024-01-06 11:00:00,True,False,1,2
133,This is tweet number 133,2024-01-06 12:00:00,True,False,7,3
134,This is tweet number 134,2024-01-06 13:00:00,True,True,4,3
135,This is tweet number 135,2024-01-06 14:00:00,True,True,1,5
136,This is tweet number 136,2024-01-06 15:00:00,True,True,6,3
137,This is tweet number 137,2024-01-06 16:00:00,True,True,5,2
138,This is tweet number 138,2024-01-06 17:00:00,True,False,8,4
139,This is tweet number 139,2024-01-06 18:00:00,True,False,5,4
140,This is tweet number 140,2024-01-06 19:00:00,True,True,4,1
141,This is tweet number 141,2024-01-06 20:00:00,False,False,10,5
142,This is tweet number 142,2024-01-06 21:00:00,True,True,7,2
143,This is tweet number 143,2024-01-06 22:00:00,False,False,4,1
144,This is tweet number 144,2024-01-06 23:00:00,False,True,8,2
145,This is tweet number 145,2024-01-07 00:00:00,False,False,5,5
146,This is tweet number 146,2024-01-07 01:00:00,True,False,5,4
147,This is tweet number 147,2024-01-07 02:00:00,True,True,5,5
148,This is tweet number 148,2024-01-07 03:00:00,True,False,2,4
149,This is tweet number 149,2024-01-07 04:00:00,True,True,3,1
150,This is tweet number 150,2024-01-07 05:00:00,False,True,4,2
151,This is tweet number 151,2024-01-07 06:00:00,True,True,9,1
152,This is tweet number 152,2024-01-07 07:00:00,True,True,0,4
153,This is tweet number 153,2024-01-07 08:00:00,True,False,5,2
154,This is tweet number 154,2024-01-07 09:00:00,True,False,5,2
155,This is tweet number 155,2024-01-07 10:00:00,True,False,5,3
156,This is tweet number 156,2024-01-07 11:00:00,False,True,5,4
157,This is tweet number 157,2024-01-07 12:00:00,True,False,4,2
158,This is tweet number 158,2024-01-07 13:00:00,False,True,9,3
159,This is tweet number 159,2024-01-07 14:00:00,True,False,6,4
160,This is tweet number 160,2024-01-07 15:00:00,False,False,2,2
161,This is tweet number 161,2024-01-07 16:00:00,True,False,6,3
162,This is tweet number 162,2024-01-07 17:00:00,True,True,6,2
163,This is tweet number 163,2024-01-07 18:00:00,False,False,6,5
164,This is tweet number 164,2024-01-07 19:00:00,False,False,5,7
165,This is tweet number 165,2024-01-07 20:00:00,False,True,2,4
166,This is tweet number 166,2024-01-07 21:00:00,True,False,5,2
167,This is tweet number 167,2024-01-07 22:00:00,False,True,3,0
168,This is tweet number 168,2024-01-07 23:00:00,True,False,3,3
169,This is tweet number 169,2024-01-08 00:00:00,True,True,3,3
170,This is tweet number 170,2024-01-08 01:00:00,False,True,6,2
171,This is tweet number 171,2024-01-08 02:00:00,False,False,6,1
172,This is tweet number 172,2024-01-08 03:00:00,True,True,4,7
173,This is tweet number 173,2024-01-08 04:00:00,True,True,5,4
174,This is tweet number 174,2024-01-08 05:00:00,False,True,5,7
175,This is tweet number 175,2024-01-08 06:00:00,False,True,7,4
176,This is tweet number 176,2024-01-08 07:00:00,False,True,5,2
177,This is tweet number 177,2024-01-08 08:00:00,True,True,3,2
178,This is tweet number 178,2024-01-08 09:00:00,True,False,4,4
179,This is tweet number 179,2024-01-08 10:00:00,True,True,7,2
180,This is tweet number 180,2024-01-08 11:00:00,True,True,5,5
181,This is tweet number 181,2024-01-08 12:00:00,True,False,7,4
182,This is tweet number 182,2024-01-08 13:00:00,True,False,8,0
183,This is tweet number 183,2024-01-08 14:00:00,False,False,7,0
184,This is tweet number 184,2024-01-08 15:00:00,True,False,5,4
185,This is tweet number 185,2024-01-08 16:00:00,True,False,8,2
186,This is tweet number 186,2024-01-08 17:00:00,True,False,4,2
187,This is tweet number 187,2024-01-08 18:00:00,False,False,6,5
188,This is tweet number 188,2024-01-08 19:00:00,True,True,8,3
189,This is tweet number 189,2024-01-08 20:00:00,True,True,6,4
190,This is tweet number 190,2024-01-08 21:00:00,False,False,3,0
191,This is tweet number 191,2024-01-08 22:00:00,True,True,8,2
192,This is tweet number 192,2024-01-08 23:00:00,True,True,4,3
193,This is tweet number 193,2024-01-09 00:00:00,True,True,7,3
194,This is tweet number 194,2024-01-09 01:00:00,True,False,2,2
195,This is tweet number 195,2024-01-09 02:00:00,True,False,10,3
196,This is tweet number 196,2024-01-09 03:00:00,False,True,6,2
197,This is tweet number 197,2024-01-09 04:00:00,False,False,4,2
198,This is tweet number 198,2024-01-09 05:00:00,False,True,5,4
199,This is tweet number 199,2024-01-09 06:00:00,True,True,6,4
200,This is tweet number 200,2024-01-09 07:00:00,True,True,4,1
201,This is tweet number 201,2024-01-09 08:00:00,True,True,5,4
202,This is tweet number 202,2024-01-09 09:00:00,False,False,6,1
203,This is tweet number 203,2024-01-09 10:00:00,True,False,3,5
204,This is tweet number 204,2024-01-09 11:00:00,True,False,7,1
205,This is tweet number 205,2024-01-09 12:00:00,False,True,7,4
206,This is tweet number 206,2024-01-09 13:00:00,True,False,8,3
207,This is tweet number 207,2024-01-09 14:00:00,False,True,4,2
208,This is tweet number 208,2024-01-09 15:00:00,False,False,7,2
209,This is tweet number 209,2024-01-09 16:00:00,False,True,3,1
210,This is tweet number 210,2024-01-09 17:00:00,True,True,4,2
211,This is tweet number 211,2024-01-09 18:00:00,True,True,4,1
212,This is tweet number 212,2024-01-09 19:00:00,True,False,0,3
213,This is tweet number 213,2024-01-09 20:00:00,True,False,1,1
214,This is tweet number 214,2024-01-09 21:00:00,True,False,1,1
215,This is tweet number 215,2024-01-09 22:00:00,True,False,7,2
216,This is tweet number 216,2024-01-09 23:00:00,True,True,5,5
217,This is tweet number 217,2024-01-10 00:00:00,False,False,5,6
218,This is tweet number 218,2024-01-10 01:00:00,True,False,8,2
219,This is tweet number 219,2024-01-10 02:00:00,False,True,3,3
220,This is tweet number 220,2024-01-10 03:00:00,True,True,5,5
221,This is tweet number 221,2024-01-10 04:00:00,True,True,3,5
222,This is tweet number 222,2024-01-10 05:00:00,True,False,5,0
223,This is tweet number 223,2024-01-10 06:00:00,False,True,1,3
224,This is tweet number 224,2024-01-10 07:00:00,False,True,7,3
225,This is tweet number 225,2024-01-10 08:00:00,False,True,2,1
226,This is tweet number 226,2024-01-10 09:00:00,False,False,4,1
227,This is tweet number 227,2024-01-10 10:00:00,True,True,6,0
228,This is tweet number 228,2024-01-10 11:00:00,False,False,7,3
229,This is tweet number 229,2024-01-10 12:00:00,True,False,9,2
230,This is tweet number 230,2024-01-10 13:00:00,True,True,4,1
231,This is tweet number 231,2024-01-10 14:00:00,False,True,1,6
232,This is tweet number 232,2024-01-10 15:00:00,False,False,4,0
233,This is tweet number 233,2024-01-10 16:00:00,False,True,6,1
234,This is tweet number 234,2024-01-10 17:00:00,False,True,3,3
235,This is tweet number 235,2024-01-10 18:00:00,False,False,4,2
236,This is tweet number 236,2024-01-10 19:00:00,False,False,2,2
237,This is tweet number 237,2024-01-10 20:00:00,False,True,6,6
238,This is tweet number 238,2024-01-10 21:00:00,False,False,8,3
239,This is tweet number 239,2024-01-10 22:00:00,True,True,7,1
240,This is tweet number 240,2024-01-10 23:00:00,False,True,2,3
241,This is tweet number 241,2024-01-11 00:00:00,False,True,6,4
242,This is tweet number 242,2024-01-11 01:00:00,True,False,9,0
243,This is tweet number 243,2024-01-11 02:00:00,False,True,3,2
244,This is tweet number 244,2024-01-11 03:00:00,True,True,8,1
245,This is tweet number 245,2024-01-11 04:00:00,True,True,7,3
246,This is tweet number 246,2024-01-11 05:00:00,False,False,6,5
247,This is tweet number 247,2024-01-11 06:00:00,True,False,10,4
248,This is tweet number 248,2024-01-11 07:00:00,True,False,5,2
249,This is tweet number 249,2024-01-11 08:00:00,True,False,5,3
250,This is tweet number 250,2024-01-11 09:00:00,True,False,5,3
251,This is tweet number 251,2024-01-11 10:00:00,False,True,5,5
252,This is tweet number 252,2024-01-11 11:00:00,True,False,4,1
253,This is tweet number 253,2024-01-11 12:00:00,False,False,10,4
254,This is tweet number 254,2024-01-11 13:00:00,True,False,3,0
255,This is tweet number 255,2024-01-11 14:00:00,True,True,2,2
256,This is tweet number 256,2024-01-11 15:00:00,True,False,6,2
257,This is tweet number 257,2024-01-11 16:00:00,True,False,4,1
258,This is tweet number 258,2024-01-11 17:00:00,False,True,4,4
259,This is tweet number 259,2024-01-11 18:00:00,False,False,8,5
260,This is tweet number 260,2024-01-11 19:00:00,True,True,5,2
261,This is tweet number 261,2024-01-11 20:00:00,True,True,4,4
262,This is tweet number 262,2024-01-11 21:00:00,False,True,7,4
263,This is tweet number 263,2024-01-11 22:00:00,True,True,4,2
264,This is tweet number 264,2024-01-11 23:00:00,True,True,2,2
265,This is tweet number 265,2024-01-12 00:00:00,True,False,2,3
266,This is tweet number 266,2024-01-12 01:00:00,False,True,3,3
267,This is tweet number 267,2024-01-12 02:00:00,False,True,3,3
268,This is tweet number 268,2024-01-12 03:00:00,False,False,8,4
269,This is tweet number 269,2024-01-12 04:00:00,True,True,6,5
270,This is tweet number 270,2024-01-12 05:00:00,True,False,0,4
271,This is tweet number 271,2024-01-12 06:00:00,False,False,8,4
272,This is tweet number 272,2024-01-12 07:00:00,False,False,5,2
273,This is tweet number 273,2024-01-12 08:00:00,False,True,4,2
274,This is tweet number 274,2024-01-12 09:00:00,False,True,5,5
275,This is tweet number 275,2024-01-12 10:00:00,True,True,7,2
276,This is tweet number 276,2024-01-12 11:00:00,False,False,6,1
277,This is tweet number 277,2024-01-12 12:00:00,True,True,3,2
278,This is tweet number 278,2024-01-12 13:00:00,False,True,4,4
279,This is tweet number 279,2024-01-12 14:00:00,True,True,2,2
280,This is tweet number 280,2024-01-12 15:00:00,False,False,4,4
281,This is tweet number 281,2024-01-12 16:00:00,False,False,1,1
282,This is tweet number 282,2024-01-12 17:00:00,False,True,9,3
283,This is tweet number 283,2024-01-12 18:00:00,False,True,3,5
284,This is tweet number 284,2024-01-12 19:00:00,True,True,1,4
285,This is tweet number 285,2024-01-12 20:00:00,False,True,5,1
286,This is tweet number 286,2024-01-12 21:00:00,True,False,4,2
287,This is tweet number 287,2024-01-12 22:00:00,True,False,6,2
288,This is tweet number 288,2024-01-12 23:00:00,True,False,5,7
289,This is tweet number 289,2024-01-13 00:00:00,True,False,8,2
290,This is tweet number 290,2024-01-13 01:00:00,False,True,5,3
291,This is tweet number 291,2024-01-13 02:00:00,True,True,7,3
292,This is tweet number 292,2024-01-13 03:00:00,True,True,4,6
293,This is tweet number 293,2024-01-13 04:00:00,True,False,1,2
294,This is tweet number 294,2024-01-13 05:00:00,False,True,5,2
295,This is tweet number 295,2024-01-13 06:00:00,False,False,4,2
296,This is tweet number 296,2024-01-13 07:00:00,False,False,3,1
297,This is tweet number 297,2024-01-13 08:00:00,False,True,2,3
298,This is tweet number 298,2024-01-13 09:00:00,True,True,12,5
299,This is tweet number 299,2024-01-13 10:00:00,True,True,5,4
300,This is tweet number 300,2024-01-13 11:00:00,False,False,10,4
301,This is tweet number 301,2024-01-13 12:00:00,True,True,6,3
302,This is tweet number 302,2024-01-13 13:00:00,True,False,1,2
303,This is tweet number 303,2024-01-13 14:00:00,True,True,6,4
304,This is tweet number 304,2024-01-13 15:00:00,False,False,2,3
305,This is tweet number 305,2024-01-13 16:00:00,False,False,4,3
306,This is tweet number 306,2024-01-13 17:00:00,True,True,5,1
307,This is tweet number 307,2024-01-13 18:00:00,False,False,8,4
308,This is tweet number 308,2024-01-13 19:00:00,False,False,4,3
309,This is tweet number 309,2024-01-13 20:00:00,False,True,2,1
310,This is tweet number 310,2024-01-13 21:00:00,False,False,1,1
311,This is tweet number 311,2024-01-13 22:00:00,False,True,8,1
312,This is tweet number 312,2024-01-13 23:00:00,True,False,8,2
313,This is tweet number 313,2024-01-14 00:00:00,False,True,4,3
314,This is tweet number 314,2024-01-14 01:00:00,True,True,1,3
315,This is tweet number 315,2024-01-14 02:00:00,True,False,9,3
316,This is tweet number 316,2024-01-14 03:00:00,False,False,4,1
317,This is tweet number 317,2024-01-14 04:00:00,True,False,2,3
318,This is tweet number 318,2024-01-14 05:00:00,True,False,4,2
319,This is tweet number 319,2024-01-14 06:00:00,True,False,3,1
320,This is tweet number 320,2024-01-14 07:00:00,False,True,8,1
321,This is tweet number 321,2024-01-14 08:00:00,False,False,9,1
322,This is tweet number 322,2024-01-14 09:00:00,True,True,4,4
323,This is tweet number 323,2024-01-14 10:00:00,False,True,4,3
324,This is tweet number 324,2024-01-14 11:00:00,False,False,5,2
325,This is tweet number 325,2024-01-14 12:00:00,False,True,11,2
326,This is tweet number 326,2024-01-14 13:00:00,False,True,8,3
327,This is tweet number 327,2024-01-14 14:00:00,True,True,6,2
328,This is tweet number 328,2024-01-14 15:00:00,True,True,2,4
329,This is tweet number 329,2024-01-14 16:00:00,False,False,8,2
330,This is tweet number 330,2024-01-14 17:00:00,False,True,7,3
331,This is tweet number 331,2024-01-14 18:00:00,True,False,6,5
332,This is tweet number 332,2024-01-14 19:00:00,True,False,5,5
333,This is tweet number 333,2024-01-14 20:00:00,False,True,3,2
334,This is tweet number 334,2024-01-14 21:00:00,True,False,5,1
335,This is tweet number 335,2024-01-14 22:00:00,False,False,3,1
336,This is tweet number 336,2024-01-14 23:00:00,False,False,3,4
337,This is tweet number 337,2024-01-15 00:00:00,True,True,7,1
338,This is tweet number 338,2024-01-15 01:00:00,True,False,4,4
339,This is tweet number 339,2024-01-15 02:00:00,False,False,4,1
340,This is tweet number 340,2024-01-15 03:00:00,False,False,6,5
341,This is tweet number 341,2024-01-15 04:00:00,True,True,6,1
342,This is tweet number 342,2024-01-15 05:00:00,False,False,3,1
343,This is tweet number 343,2024-01-15 06:00:00,True,True,4,2
344,This is tweet number 344,2024-01-15 07:00:00,False,True,6,4
345,This is tweet number 345,2024-01-15 08:00:00,True,True,6,0
346,This is tweet number 346,2024-01-15 09:00:00,True,True,6,4
347,This is tweet number 347,2024-01-15 10:00:00,True,True,6,0
348,This is tweet number 348,2024-01-15 11:00:00,False,True,3,1
349,This is tweet number 349,2024-01-15 12:00:00,False,False,5,3
350,This is tweet number 350,2024-01-15 13:00:00,True,True,2,1
351,This is tweet number 351,2024-01-15 14:00:00,False,False,5,4
352,This is tweet number 352,2024-01-15 15:00:00,True,False,3,3
353,This is tweet number 353,2024-01-15 16:00:00,True,True,3,2
354,This is tweet number 354,2024-01-15 17:00:00,False,False,5,4
355,This is tweet number 355,2024-01-15 18:00:00,False,False,11,7
356,This is tweet number 356,2024-01-15 19:00:00,True,False,7,4
357,This is tweet number 357,2024-01-15 20:00:00,False,False,7,4
358,This is tweet number 358,2024-01-15 21:00:00,False,True,4,3
359,This is tweet number 359,2024-01-15 22:00:00,True,False,1,3
360,This is tweet number 360,2024-01-15 23:00:00,True,True,4,2
361,This is tweet number 361,2024-01-16 00:00:00,False,False,5,2
362,This is tweet number 362,2024-01-16 01:00:00,True,False,4,3
363,This is tweet number 363,2024-01-16 02:00:00,True,True,4,3
364,This is tweet number 364,2024-01-16 03:00:00,False,False,7,2
365,This is tweet number 365,2024-01-16 04:00:00,True,False,6,3
366,This is tweet number 366,2024-01-16 05:00:00,True,False,8,3
367,This is tweet number 367,2024-01-16 06:00:00,False,True,4,3
368,This is tweet number 368,2024-01-16 07:00:00,False,False,3,4
369,This is tweet number 369,2024-01-16 08:00:00,True,True,0,3
370,This is tweet number 370,2024-01-16 09:00:00,True,False,4,8
371,This is tweet number 371,2024-01-16 10:00:00,False,True,1,3
372,This is tweet number 372,2024-01-16 11:00:00,False,True,4,2
373,This is tweet number 373,2024-01-16 12:00:00,False,False,3,4
374,This is tweet number 374,2024-01-16 13:00:00,False,False,5,0
375,This is tweet number 375,2024-01-16 14:00:00,True,True,6,4
376,This is tweet number 376,2024-01-16 15:00:00,False,True,6,2
377,This is tweet number 377,2024-01-16 16:00:00,False,False,4,1
378,This is tweet number 378,2024-01-16 17:00:00,True,True,4,2
379,This is tweet number 379,2024-01-16 18:00:00,False,False,5,1
380,This is tweet number 380,2024-01-16 19:00:00,True,False,1,1
381,This is tweet number 381,2024-01-16 20:00:00,False,False,9,4
382,This is tweet number 382,2024-01-16 21:00:00,False,False,7,3
383,This is tweet number 383,2024-01-16 22:00:00,False,True,5,2
384,This is tweet number 384,2024-01-16 23:00:00,True,False,4,3
385,This is tweet number 385,2024-01-17 00:00:00,True,True,5,3
386,This is tweet number 386,2024-01-17 01:00:00,False,False,4,3
387,This is tweet number 387,2024-01-17 02:00:00,True,True,1,5
388,This is tweet number 388,2024-01-17 03:00:00,True,False,3,4
389,This is tweet number 389,2024-01-17 04:00:00,True,True,7,1
390,This is tweet number 390,2024-01-17 05:00:00,True,True,6,2
391,This is tweet number 391,2024-01-17 06:00:00,True,False,10,3
392,This is tweet number 392,2024-01-17 07:00:00,True,False,4,3
393,This is tweet number 393,2024-01-17 08:00:00,False,False,5,5
394,This is tweet number 394,2024-01-17 09:00:00,False,False,6,2
395,This is tweet number 395,2024-01-17 10:00:00,True,True,6,3
396,This is tweet number 396,2024-01-17 11:00:00,False,False,8,4
397,This is tweet number 397,2024-01-17 12:00:00,False,True,4,2
398,This is tweet number 398,2024-01-17 13:00:00,False,True,3,2
399,This is tweet number 399,2024-01-17 14:00:00,False,False,3,1
400,This is tweet number 400,2024-01-17 15:00:00,True,True,9,3
401,This is tweet number 401,2024-01-17 16:00:00,False,True,7,4
402,This is tweet number 402,2024-01-17 17:00:00,False,True,2,6
403,This is tweet number 403,2024-01-17 18:00:00,True,True,2,2
404,This is tweet number 404,2024-01-17 19:00:00,True,False,4,5
405,This is tweet number 405,2024-01-17 20:00:00,False,False,6,4
406,This is tweet number 406,2024-01-17 21:00:00,False,False,9,7
407,This is tweet number 407,2024-01-17 22:00:00,False,False,11,4
408,This is tweet number 408,2024-01-17 23:00:00,False,True,4,3
409,This is tweet number 409,2024-01-18 00:00:00,False,True,7,2
410,This is tweet number 410,2024-01-18 01:00:00,False,False,7,5
411,This is tweet number 411,2024-01-18 02:00:00,True,False,3,6
412,This is tweet number 412,2024-01-18 03:00:00,False,False,7,2
413,This is tweet number 413,2024-01-18 04:00:00,False,True,5,2
414,This is tweet number 414,2024-01-18 05:00:00,True,False,2,2
415,This is tweet number 415,2024-01-18 06:00:00,True,False,9,1
416,This is tweet number 416,2024-01-18 07:00:00,True,False,6,4
417,This is tweet number 417,2024-01-18 08:00:00,True,True,3,5
418,This is tweet number 418,2024-01-18 09:00:00,False,True,6,5
419,This is tweet number 419,2024-01-18 10:00:00,False,True,3,5
420,This is tweet number 420,2024-01-18 11:00:00,False,True,2,3
421,This is tweet number 421,2024-01-18 12:00:00,False,True,8,5
422,This is tweet number 422,2024-01-18 13:00:00,False,True,4,3
423,This is tweet number 423,2024-01-18 14:00:00,False,True,5,0
424,This is tweet number 424,2024-01-18 15:00:00,True,True,4,2
425,This is tweet number 425,2024-01-18 16:00:00,False,False,3,2
426,This is tweet number 426,2024-01-18 17:00:00,True,False,4,3
427,This is tweet number 427,2024-01-18 18:00:00,True,True,3,3
428,This is tweet number 428,2024-01-18 19:00:00,False,True,11,4
429,This is tweet number 429,2024-01-18 20:00:00,True,False,6,4
430,This is tweet number 430,2024-01-18 21:00:00,False,True,5,3
431,This is tweet number 431,2024-01-18 22:00:00,True,True,5,2
432,This is tweet number 432,2024-01-18 23:00:00,False,True,5,2
433,This is tweet number 433,2024-01-19 00:00:00,True,False,3,4
434,This is tweet number 434,2024-01-19 01:00:00,False,False,6,3
435,This is tweet number 435,2024-01-19 02:00:00,False,False,4,0
436,This is tweet number 436,2024-01-19 03:00:00,False,False,5,4
437,This is tweet number 437,2024-01-19 04:00:00,False,False,3,3
438,This is tweet number 438,2024-01-19 05:00:00,False,True,7,2
439,This is tweet number 439,2024-01-19 06:00:00,True,False,3,1
440,This is tweet number 440,2024-01-19 07:00:00,True,True,6,3
441,This is tweet number 441,2024-01-19 08:00:00,True,True,7,3
442,This is tweet number 442,2024-01-19 09:00:00,False,False,1,2
443,This is tweet number 443,2024-01-19 10:00:00,True,False,6,1
444,This is tweet number 444,2024-01-19 11:00:00,False,True,4,3
445,This is tweet number 445,2024-01-19 12:00:00,False,True,2,5
446,This is tweet number 446,2024-01-19 13:00:00,True,True,2,4
447,This is tweet number 447,2024-01-19 14:00:00,True,False,5,3
448,This is tweet number 448,2024-01-19 15:00:00,False,False,5,4
449,This is tweet number 449,2024-01-19 16:00:00,True,False,3,6
450,This is tweet number 450,2024-01-19 17:00:00,False,False,5,4
451,This is tweet number 451,2024-01-19 18:00:00,False,False,11,2
452,This is tweet number 452,2024-01-19 19:00:00,False,True,2,2
453,This is tweet number 453,2024-01-19 20:00:00,False,False,6,2
454,This is tweet number 454,2024-01-19 21:00:00,False,True,5,2
455,This is tweet number 455,2024-01-19 22:00:00,True,True,3,2
456,This is tweet number 456,2024-01-19 23:00:00,True,True,4,2
457,This is tweet number 457,2024-01-20 00:00:00,False,False,10,2
458,This is tweet number 458,2024-01-20 01:00:00,False,False,1,1
459,This is tweet number 459,2024-01-20 02:00:00,True,False,8,2
460,This is tweet number 460,2024-01-20 03:00:00,True,True,3,1
461,This is tweet number 461,2024-01-20 04:00:00,False,True,5,4
462,This is tweet number 462,2024-01-20 05:00:00,True,True,4,1
463,This is tweet number 463,2024-01-20 06:00:00,False,True,11,4
464,This is tweet number 464,2024-01-20 07:00:00,True,True,3,2
465,This is tweet number 465,2024-01-20 08:00:00,False,True,4,1
466,This is tweet number 466,2024-01-20 09:00:00,True,False,3,4
467,This is tweet number 467,2024-01-20 10:00:00,False,False,3,4
468,This is tweet number 468,2024-01-20 11:00:00,True,False,8,4
469,This is tweet number 469,2024-01-20 12:00:00,True,False,1,2
470,This is tweet number 470,2024-01-20 13:00:00,False,True,5,2
471,This is tweet number 471,2024-01-20 14:00:00,True,True,7,2
472,This is tweet number 472,2024-01-20 15:00:00,False,False,3,2
473,This is tweet number 473,2024-01-20 16:00:00,True,True,7,2
474,This is tweet number 474,2024-01-20 17:00:00,False,False,5,5
475,This is tweet number 475,2024-01-20 18:00:00,True,False,7,1
476,This is tweet number 476,2024-01-20 19:00:00,False,False,5,1
477,This is tweet number 477,2024-01-20 20:00:00,True,True,7,5
478,This is tweet number 478,2024-01-20 21:00:00,False,False,5,3
479,This is tweet number 479,2024-01-20 22:00:00,True,False,4,2
480,This is tweet number 480,2024-01-20 23:00:00,False,False,5,4
481,This is tweet number 481,2024-01-21 00:00:00,False,True,11,2
482,This is tweet number 482,2024-01-21 01:00:00,False,True,7,3
483,This is tweet number 483,2024-01-21 02:00:00,True,False,6,3
484,This is tweet number 484,2024-01-21 03:00:00,False,True,3,4
485,This is tweet number 485,2024-01-21 04:00:00,True,True,0,4
486,This is tweet number 486,2024-01-21 05:00:00,False,True,10,2
487,This is tweet number 487,2024-01-21 06:00:00,True,True,5,2
488,This is tweet number 488,2024-01-21 07:00:00,False,True,5,1
489,This is tweet number 489,2024-01-21 08:00:00,True,True,3,6
490,This is tweet number 490,2024-01-21 09:00:00,True,True,4,4
491,This is tweet number 491,2024-01-21 10:00:00,False,True,2,3
492,This is tweet number 492,2024-01-21 11:00:00,True,True,2,2
493,This is tweet number 493,2024-01-21 12:00:00,True,True,7,2
494,This is tweet number 494,2024-01-21 13:00:00,False,False,3,2
495,This is tweet number 495,2024-01-21 14:00:00,True,False,1,5
496,This is tweet number 496,2024-01-21 15:00:00,True,True,3,1
497,This is tweet number 497,2024-01-21 16:00:00,True,False,7,3
498,This is tweet number 498,2024-01-21 17:00:00,False,False,5,1
499,This is tweet number 499,2024-01-21 18:00:00,True,True,5,1
500,This is tweet number 500,2024-01-21 19:00:00,False,True,4,7
501,This is tweet number 501,2024-01-21 20:00:00,True,True,5,6
502,This is tweet number 502,2024-01-21 21:00:00,True,False,5,1
503,This is tweet number 503,2024-01-21 22:00:00,True,False,3,5
504,This is tweet number 504,2024-01-21 23:00:00,False,True,3,3
505,This is tweet number 505,2024-01-22 00:00:00,True,True,6,2
506,This is tweet number 506,2024-01-22 01:00:00,True,True,6,3
507,This is tweet number 507,2024-01-22 02:00:00,False,False,4,3
508,This is tweet number 508,2024-01-22 03:00:00,True,False,9,4
509,This is tweet number 509,2024-01-22 04:00:00,False,False,6,6
510,This is tweet number 510,2024-01-22 05:00:00,False,False,5,3
511,This is tweet number 511,2024-01-22 06:00:00,True,True,5,3
512,This is tweet number 512,2024-01-22 07:00:00,False,True,4,5
513,This is tweet number 513,2024-01-22 08:00:00,True,True,10,0
514,This is tweet number 514,2024-01-22 09:00:00,False,True,6,5
515,This is tweet number 515,2024-01-22 10:00:00,False,False,2,2
516,This is tweet number 516,2024-01-22 11:00:00,True,False,4,1
517,This is tweet number 517,2024-01-22 12:00:00,False,True,3,4
518,This is tweet number 518,2024-01-22 13:00:00,False,True,2,4
519,This is tweet number 519,2024-01-22 14:00:00,False,False,5,5
520,This is tweet number 520,2024-01-22 15:00:00,False,True,6,2
521,This is tweet number 521,2024-01-22 16:00:00,False,False,5,2
522,This is tweet number 522,2024-01-22 17:00:00,True,True,10,4
523,This is tweet number 523,2024-01-22 18:00:00,False,True,5,4
524,This is tweet number 524,2024-01-22 19:00:00,True,True,5,3
525,This is tweet number 525,2024-01-22 20:00:00,False,True,4,1
526,This is tweet number 526,2024-01-22 21:00:00,True,True,4,1
527,This is tweet number 527,2024-01-22 22:00:00,True,True,3,1
528,This is tweet number 528,2024-01-22 23:00:00,False,True,6,1
529,This is tweet number 529,2024-01-23 00:00:00,False,False,4,4
530,This is tweet number 530,2024-01-23 01:00:00,False,False,2,3
531,This is tweet number 531,2024-01-23 02:00:00,True,False,9,4
532,This is tweet number 532,2024-01-23 03:00:00,False,False,5,3
533,This is tweet number 533,2024-01-23 04:00:00,True,False,9,3
534,This is tweet number 534,2024-01-23 05:00:00,True,True,5,3
535,This is tweet number 535,2024-01-23 06:00:00,True,True,5,0
536,This is tweet number 536,2024-01-23 07:00:00,False,False,1,6
537,This is tweet number 537,2024-01-23 08:00:00,False,True,5,4
538,This is tweet number 538,2024-01-23 09:00:00,True,False,8,1
539,This is tweet number 539,2024-01-23 10:00:00,True,False,6,6
540,This is tweet number 540,2024-01-23 11:00:00,False,True,2,1
541,This is tweet number 541,2024-01-23 12:00:00,True,True,5,3
542,This is tweet number 542,2024-01-23 13:00:00,False,True,5,6
543,This is tweet number 543,2024-01-23 14:00:00,True,False,4,3
544,This is tweet number 544,2024-01-23 15:00:00,False,True,6,1
545,This is tweet number 545,2024-01-23 16:00:00,True,False,5,4
546,This is tweet number 546,2024-01-23 17:00:00,False,False,6,1
547,This is tweet number 547,2024-01-23 18:00:00,True,False,5,4
548,This is tweet number 548,2024-01-23 19:00:00,False,True,4,5
549,This is tweet number 549,2024-01-23 20:00:00,False,True,7,1
550,This is tweet number 550,2024-01-23 21:00:00,True,False,5,2
551,This is tweet number 551,2024-01-23 22:00:00,True,True,7,5
552,This is tweet number 552,2024-01-23 23:00:00,False,True,6,9
553,This is tweet number 553,2024-01-24 00:00:00,True,True,4,5
554,This is tweet number 554,2024-01-24 01:00:00,False,False,8,4
555,This is tweet number 555,2024-01-24 02:00:00,True,False,4,4
556,This is tweet number 556,2024-01-24 03:00:00,False,True,3,4
557,This is tweet number 557,2024-01-24 04:00:00,False,False,5,3
558,This is tweet number 558,2024-01-24 05:00:00,False,True,10,2
559,This is tweet number 559,2024-01-24 06:00:00,False,True,6,2
560,This is tweet number 560,2024-01-24 07:00:00,False,True,4,7
561,This is tweet number 561,2024-01-24 08:00:00,False,True,3,4
562,This is tweet number 562,2024-01-24 09:00:00,True,False,3,3
563,This is tweet number 563,2024-01-24 10:00:00,True,False,5,1
564,This is tweet number 564,2024-01-24 11:00:00,True,False,2,1
565,This is tweet number 565,2024-01-24 12:00:00,False,True,6,2
566,This is tweet number 566,2024-01-24 13:00:00,False,True,2,2
567,This is tweet number 567,2024-01-24 14:00:00,False,True,5,4
568,This is tweet number 568,2024-01-24 15:00:00,False,False,2,3
569,This is tweet number 569,2024-01-24 16:00:00,True,True,6,4
570,This is tweet number 570,2024-01-24 17:00:00,True,False,3,6
571,This is tweet number 571,2024-01-24 18:00:00,False,False,5,2
572,This is tweet number 572,2024-01-24 19:00:00,True,False,2,5
573,This is tweet number 573,2024-01-24 20:00:00,True,False,6,1
574,This is tweet number 574,2024-01-24 21:00:00,False,False,6,4
575,This is tweet number 575,2024-01-24 22:00:00,True,False,7,2
576,This is tweet number 576,2024-01-24 23:00:00,False,True,6,5
577,This is tweet number 577,2024-01-25 00:00:00,True,True,6,2
578,This is tweet number 578,2024-01-25 01:00:00,False,False,4,4
579,This is tweet number 579,2024-01-25 02:00:00,False,False,4,2
580,This is tweet number 580,2024-01-25 03:00:00,False,True,7,6
581,This is tweet number 581,2024-01-25 04:00:00,False,False,5,2
582,This is tweet number 582,2024-01-25 05:00:00,True,False,5,0
583,This is tweet number 583,2024-01-25 06:00:00,False,True,8,2
584,This is tweet number 584,2024-01-25 07:00:00,False,False,4,3
585,This is tweet number 585,2024-01-25 08:00:00,False,False,2,2
586,This is tweet number 586,2024-01-25 09:00:00,True,False,3,4
587,This is tweet number 587,2024-01-25 10:00:00,False,True,4,2
588,This is tweet number 588,2024-01-25 11:00:00,True,True,6,2
589,This is tweet number 589,2024-01-25 12:00:00,False,True,9,4
590,This is tweet number 590,2024-01-25 13:00:00,True,False,3,1
591,This is tweet number 591,2024-01-25 14:00:00,True,False,5,1
592,This is tweet number 592,2024-01-25 15:00:00,False,True,3,4
593,This is tweet number 593,2024-01-25 16:00:00,True,False,2,3
594,This is tweet number 594,2024-01-25 17:00:00,False,False,4,8
595,This is tweet number 595,2024-01-25 18:00:00,False,False,9,1
596,This is tweet number 596,2024-01-25 19:00:00,False,False,4,4
597,This is tweet number 597,2024-01-25 20:00:00,True,False,5,2
598,This is tweet number 598,2024-01-25 21:00:00,True,True,8,2
599,This is tweet number 599,2024-01-25 22:00:00,False,False,8,3
600,This is tweet number 600,2024-01-25 23:00:00,False,True,5,4
601,This is tweet number 601,2024-01-26 00:00:00,True,False,3,3
602,This is tweet number 602,2024-01-26 01:00:00,False,True,9,4
603,This is tweet number 603,2024-01-26 02:00:00,False,False,2,5
604,This is tweet number 604,2024-01-26 03:00:00,False,True,8,5
605,This is tweet number 605,2024-01-26 04:00:00,True,False,7,2
606,This is tweet number 606,2024-01-26 05:00:00,True,True,6,5
607,This is tweet number 607,2024-01-26 06:00:00,True,False,9,3
608,This is tweet number 608,2024-01-26 07:00:00,False,True,3,5
609,This is tweet number 609,2024-01-26 08:00:00,False,False,6,3
610,This is tweet number 610,2024-01-26 09:00:00,False,True,7,6
611,This is tweet number 611,2024-01-26 10:00:00,True,True,7,1
612,This is tweet number 612,2024-01-26 11:00:00,False,False,5,1
613,This is tweet number 613,2024-01-26 12:00:00,False,False,5,4
614,This is tweet number 614,2024-01-26 13:00:00,False,True,1,3
615,This is tweet number 615,2024-01-26 14:00:00,False,False,7,7
616,This is tweet number 616,2024-01-26 15:00:00,True,True,4,2
617,This is tweet number 617,2024-01-26 16:00:00,True,True,7,0
618,This is tweet number 618,2024-01-26 17:00:00,False,True,5,2
619,This is tweet number 619,2024-01-26 18:00:00,True,False,5,3
620,This is tweet number 620,2024-01-26 19:00:00,True,True,3,2
621,This is tweet number 621,2024-01-26 20:00:00,False,True,5,3
622,This is tweet number 622,2024-01-26 21:00:00,False,False,5,3
623,This is tweet number 623,2024-01-26 22:00:00,True,False,4,1
624,This is tweet number 624,2024-01-26 23:00:00,False,False,3,4
625,This is tweet number 625,2024-01-27 00:00:00,True,False,3,4
626,This is tweet number 626,2024-01-27 01:00:00,False,True,5,4
627,This is tweet number 627,2024-01-27 02:00:00,True,True,10,3
628,This is tweet number 628,2024-01-27 03:00:00,False,True,2,2
629,This is tweet number 629,2024-01-27 04:00:00,True,True,5,2
630,This is tweet number 630,2024-01-27 05:00:00,True,False,3,2
631,This is tweet number 631,2024-01-27 06:00:00,True,True,4,0
632,This is tweet number 632,2024-01-27 07:00:00,False,True,6,4
633,This is tweet number 633,2024-01-27 08:00:00,True,False,3,2
634,This is tweet number 634,2024-01-27 09:00:00,True,True,4,4
635,This is tweet number 635,2024-01-27 10:00:00,False,True,4,2
636,This is tweet number 636,2024-01-27 11:00:00,False,True,5,7
637,This is tweet number 637,2024-01-27 12:00:00,True,True,8,5
638,This is tweet number 638,2024-01-27 13:00:00,True,True,5,3
639,This is tweet number 639,2024-01-27 14:00:00,False,True,6,1
640,This is tweet number 640,2024-01-27 15:00:00,False,False,3,4
641,This is tweet number 641,2024-01-27 16:00:00,False,False,4,1
642,This is tweet number 642,2024-01-27 17:00:00,False,True,5,2
643,This is tweet number 643,2024-01-27 18:00:00,False,True,6,2
644,This is tweet number 644,2024-01-27 19:00:00,True,False,7,4
645,This is tweet number 645,2024-01-27 20:00:00,False,True,5,5
646,This is tweet number 646,2024-01-27 21:00:00,True,True,2,2
647,This is tweet number 647,2024-01-27 22:00:00,True,True,6,2
648,This is tweet number 648,2024-01-27 23:00:00,True,False,4,2
649,This is tweet number 649,2024-01-28 00:00:00,False,True,2,3
650,This is tweet number 650,2024-01-28 01:00:00,True,False,4,4
651,This is tweet number 651,2024-01-28 02:00:00,True,True,2,1
652,This is tweet number 652,2024-01-28 03:00:00,False,False,3,4
653,This is tweet number 653,2024-01-28 04:00:00,True,False,4,5
654,This is tweet number 654,2024-01-28 05:00:00,True,True,7,1
655,This is tweet number 655,2024-01-28 06:00:00,False,False,5,2
656,This is tweet number 656,2024-01-28 07:00:00,True,True,5,3
657,This is tweet number 657,2024-01-28 08:00:00,True,False,7,1
658,This is tweet number 658,2024-01-28 09:00:00,True,True,9,3
659,This is tweet number 659,2024-01-28 10:00:00,False,True,7,4
660,This is tweet number 660,2024-01-28 11:00:00,False,False,6,4
661,This is tweet number 661,2024-01-28 12:00:00,False,True,6,3
662,This is tweet number 662,2024-01-28 13:00:00,True,True,9,5
663,This is tweet number 663,2024-01-28 14:00:00,True,False,2,1
664,This is tweet number 664,2024-01-28 15:00:00,False,True,3,4
665,This is tweet number 665,2024-01-28 16:00:00,True,True,9,2
666,This is tweet number 666,2024-01-28 17:00:00,True,False,3,1
667,This is tweet number 667,2024-01-28 18:00:00,False,False,8,4
668,This is tweet number 668,2024-01-28 19:00:00,False,True,5,3
669,This is tweet number 669,2024-01-28 20:00:00,True,True,4,2
670,This is tweet number 670,2024-01-28 21:00:00,True,False,9,2
671,This is tweet number 671,2024-01-28 22:00:00,True,False,2,1
672,This is tweet number 672,2024-01-28 23:00:00,False,True,5,2
673,This is tweet number 673,2024-01-29 00:00:00,False,False,10,4
674,This is tweet number 674,2024-01-29 01:00:00,False,True,5,4
675,This is tweet number 675,2024-01-29 02:00:00,False,True,4,6
676,This is tweet number 676,2024-01-29 03:00:00,True,True,7,1
677,This is tweet number 677,2024-01-29 04:00:00,False,True,3,4
678,This is tweet number 678,2024-01-29 05:00:00,False,True,6,0
679,This is tweet number 679,2024-01-29 06:00:00,False,False,3,2
680,This is tweet number 680,2024-01-29 07:00:00,False,False,3,2
681,This is tweet number 681,2024-01-29 08:00:00,False,False,4,2
682,This is tweet number 682,2024-01-29 09:00:00,True,False,1,1
683,This is tweet number 683,2024-01-29 10:00:00,True,True,2,3
684,This is tweet number 684,2024-01-29 11:00:00,False,True,4,5
685,This is tweet number 685,2024-01-29 12:00:00,True,True,5,1
686,This is tweet number 686,2024-01-29 13:00:00,False,True,8,2
687,This is tweet number 687,2024-01-29 14:00:00,False,False,7,5
688,This is tweet number 688,2024-01-29 15:00:00,True,True,7,2
689,This is tweet number 689,2024-01-29 16:00:00,True,True,2,2
690,This is tweet number 690,2024-01-29 17:00:00,False,False,6,4
691,This is tweet number 691,2024-01-29 18:00:00,False,False,8,2
692,This is tweet number 692,2024-01-29 19:00:00,False,False,6,2
693,This is tweet number 693,2024-01-29 20:00:00,True,False,4,3
694,This is tweet number 694,2024-01-29 21:00:00,False,True,4,4
695,This is tweet number 695,2024-01-29 22:00:00,False,True,4,4
696,This is tweet number 696,2024-01-29 23:00:00,False,False,1,4
697,This is tweet number 697,2024-01-30 00:00:00,True,True,6,5
698,This is tweet number 698,2024-01-30 01:00:00,False,True,8,2
699,This is tweet number 699,2024-01-30 02:00:00,False,True,7,0
700,This is tweet number 700,2024-01-30 03:00:00,True,False,7,3
701,This is tweet number 701,2024-01-30 04:00:00,False,True,6,3
702,This is tweet number 702,2024-01-30 05:00:00,False,False,6,2
703,This is tweet number 703,2024-01-30 06:00:00,True,True,4,3
704,This is tweet number 704,2024-01-30 07:00:00,False,True,3,5
705,This is tweet number 705,2024-01-30 08:00:00,True,True,6,1
706,This is tweet number 706,2024-01-30 09:00:00,True,False,3,2
707,This is tweet number 707,2024-01-30 10:00:00,False,True,10,4
708,This is tweet number 708,2024-01-30 11:00:00,False,False,5,2
709,This is tweet number 709,2024-01-30 12:00:00,False,False,6,0
710,This is tweet number 710,2024-01-30 13:00:00,False,False,6,5
711,This is tweet number 711,2024-01-30 14:00:00,True,True,4,0
712,This is tweet number 712,2024-01-30 15:00:00,False,True,6,2
713,This is tweet number 713,2024-01-30 16:00:00,True,True,5,3
714,This is tweet number 714,2024-01-30 17:00:00,False,True,3,2
715,This is tweet number 715,2024-01-30 18:00:00,False,False,2,6
716,This is tweet number 716,2024-01-30 19:00:00,False,False,3,5
717,This is tweet number 717,2024-01-30 20:00:00,True,False,2,3
718,This is tweet number 718,2024-01-30 21:00:00,False,True,8,4
719,This is tweet number 719,2024-01-30 22:00:00,False,False,7,5
720,This is tweet number 720,2024-01-30 23:00:00,False,True,4,2
721,This is tweet number 721,2024-01-31 00:00:00,False,False,3,2
722,This is tweet number 722,2024-01-31 01:00:00,True,True,3,4
723,This is tweet number 723,2024-01-31 02:00:00,False,True,6,4
724,This is tweet number 724,2024-01-31 03:00:00,True,False,5,7
725,This is tweet number 725,2024-01-31 04:00:00,True,False,1,6
726,This is tweet number 726,2024-01-31 05:00:00,True,False,8,4
727,This is tweet number 727,2024-01-31 06:00:00,True,False,9,3
728,This is tweet number 728,2024-01-31 07:00:00,True,True,4,5
729,This is tweet number 729,2024-01-31 08:00:00,True,False,7,2
730,This is tweet number 730,2024-01-31 09:00:00,False,False,3,6
731,This is tweet number 731,2024-01-31 10:00:00,True,False,7,2
732,This is tweet number 732,2024-01-31 11:00:00,True,True,5,6
733,This is tweet number 733,2024-01-31 12:00:00,True,True,6,3
734,This is tweet number 734,2024-01-31 13:00:00,False,False,8,2
735,This is tweet number 735,2024-01-31 14:00:00,False,True,2,5
736,This is tweet number 736,2024-01-31 15:00:00,True,False,4,3
737,This is tweet number 737,2024-01-31 16:00:00,False,True,9,2
738,This is tweet number 738,2024-01-31 17:00:00,True,True,4,2
739,This is tweet number 739,2024-01-31 18:00:00,True,True,4,1
740,This is tweet number 740,2024-01-31 19:00:00,False,True,3,4
741,This is tweet number 741,2024-01-31 20:00:00,True,False,4,2
742,This is tweet number 742,2024-01-31 21:00:00,False,False,4,3
743,This is tweet number 743,2024-01-31 22:00:00,False,False,6,2
744,This is tweet number 744,2024-01-31 23:00:00,True,True,7,3
745,This is tweet number 745,2024-02-01 00:00:00,True,False,3,2
746,This is tweet number 746,2024-02-01 01:00:00,False,False,6,0
747,This is tweet number 747,2024-02-01 02:00:00,True,False,8,2
748,This is tweet number 748,2024-02-01 03:00:00,True,True,7,3
749,This is tweet number 749,2024-02-01 04:00:00,True,True,3,1
750,This is tweet number 750,2024-02-01 05:00:00,False,True,4,2
751,This is tweet number 751,2024-02-01 06:00:00,False,False,6,3
752,This is tweet number 752,2024-02-01 07:00:00,True,False,8,1
753,This is tweet number 753,2024-02-01 08:00:00,False,False,3,4
754,This is tweet number 754,2024-02-01 09:00:00,False,True,4,1
755,This is tweet number 755,2024-02-01 10:00:00,False,True,3,5
756,This is tweet number 756,2024-02-01 11:00:00,False,False,8,1
757,This is tweet number 757,2024-02-01 12:00:00,False,True,1,1
758,This is tweet number 758,2024-02-01 13:00:00,True,True,3,5
759,This is tweet number 759,2024-02-01 14:00:00,True,True,7,0
760,This is tweet number 760,2024-02-01 15:00:00,True,True,5,2
761,This is tweet number 761,2024-02-01 16:00:00,False,False,9,2
762,This is tweet number 762,2024-02-01 17:00:00,False,True,5,4
763,This is tweet number 763,2024-02-01 18:00:00,True,True,4,2
764,This is tweet number 764,2024-02-01 19:00:00,False,True,5,4
765,This is tweet number 765,2024-02-01 20:00:00,True,True,7,5
766,This is tweet number 766,2024-02-01 21:00:00,True,False,3,2
767,This is tweet number 767,2024-02-01 22:00:00,True,False,6,3
768,This is tweet number 768,2024-02-01 23:00:00,False,True,7,4
769,This is tweet number 769,2024-02-02 00:00:00,False,True,4,5
770,This is tweet number 770,2024-02-02 01:00:00,True,True,4,2
771,This is tweet number 771,2024-02-02 02:00:00,True,True,4,4
772,This is tweet number 772,2024-02-02 03:00:00,True,True,3,4
773,This is tweet number 773,2024-02-02 04:00:00,True,True,4,2
774,This is tweet number 774,2024-02-02 05:00:00,False,False,2,3
775,This is tweet number 775,2024-02-02 06:00:00,False,True,7,0
776,This is tweet number 776,2024-02-02 07:00:00,True,False,6,7
777,This is tweet number 777,2024-02-02 08:00:00,True,False,7,0
778,This is tweet number 778,2024-02-02 09:00:00,False,True,5,0
779,This is tweet number 779,2024-02-02 10:00:00,False,False,4,1
780,This is tweet number 780,2024-02-02 11:00:00,True,False,5,1
781,This is tweet number 781,2024-02-02 12:00:00,True,False,4,0
782,This is tweet number 782,2024-02-02 13:00:00,True,False,7,1
783,This is tweet number 783,2024-02-02 14:00:00,False,False,5,5
784,This is tweet number 784,2024-02-02 15:00:00,False,False,6,0
785,This is tweet number 785,2024-02-02 16:00:00,False,True,5,6
786,This is tweet number 786,2024-02-02 17:00:00,True,False,2,3
787,This is tweet number 787,2024-02-02 18:00:00,True,False,4,4
788,This is tweet number 788,2024-02-02 19:00:00,False,False,4,0
789,This is tweet number 789,2024-02-02 20:00:00,False,True,6,7
790,This is tweet number 790,2024-02-02 21:00:00,True,False,11,4
791,This is tweet number 791,2024-02-02 22:00:00,False,True,6,0
792,This is tweet number 792,2024-02-02 23:00:00,False,False,8,2
793,This is tweet number 793,2024-02-03 00:00:00,True,True,5,8
794,This is tweet number 794,2024-02-03 01:00:00,False,True,3,3
795,This is tweet number 795,2024-02-03 02:00:00,True,False,5,2
796,This is tweet number 796,2024-02-03 03:00:00,True,False,1,3
797,This is tweet number 797,2024-02-03 04:00:00,True,True,8,4
798,This is tweet number 798,2024-02-03 05:00:00,True,False,6,1
799,This is tweet number 799,2024-02-03 06:00:00,True,True,4,5
800,This is tweet number 800,2024-02-03 07:00:00,True,True,7,1
801,This is tweet number 801,2024-02-03 08:00:00,True,True,1,5
802,This is tweet number 802,2024-02-03 09:00:00,False,True,7,2
803,This is tweet number 803,2024-02-03 10:00:00,True,True,3,1
804,This is tweet number 804,2024-02-03 11:00:00,True,False,9,0
805,This is tweet number 805,2024-02-03 12:00:00,False,True,4,2
806,This is tweet number 806,2024-02-03 13:00:00,False,True,2,1
807,This is tweet number 807,2024-02-03 14:00:00,False,False,4,2
808,This is tweet number 808,2024-02-03 15:00:00,True,True,6,0
809,This is tweet number 809,2024-02-03 16:00:00,False,False,2,3
810,This is tweet number 810,2024-02-03 17:00:00,True,False,1,6
811,This is tweet number 811,2024-02-03 18:00:00,True,False,7,2
812,This is tweet number 812,2024-02-03 19:00:00,True,True,7,0
813,This is tweet number 813,2024-02-03 20:00:00,True,True,6,2
814,This is tweet number 814,2024-02-03 21:00:00,False,True,8,1
815,This is tweet number 815,2024-02-03 22:00:00,False,False,7,6
816,This is tweet number 816,2024-02-03 23:00:00,True,True,5,4
817,This is tweet number 817,2024-02-04 00:00:00,True,False,6,1
818,This is tweet number 818,2024-02-04 01:00:00,True,True,6,2
819,This is tweet number 819,2024-02-04 02:00:00,False,False,7,5
820,This is tweet number 820,2024-02-04 03:00:00,True,True,6,2
821,This is tweet number 821,2024-02-04 04:00:00,True,True,3,3
822,This is tweet number 822,2024-02-04 05:00:00,False,True,3,2
823,This is tweet number 823,2024-02-04 06:00:00,False,False,1,1
824,This is tweet number 824,2024-02-04 07:00:00,True,False,5,5
825,This is tweet number 825,2024-02-04 08:00:00,False,True,3,3
826,This is tweet number 826,2024-02-04 09:00:00,False,True,9,3
827,This is tweet number 827,2024-02-04 10:00:00,True,False,8,2
828,This is tweet number 828,2024-02-04 11:00:00,False,False,4,5
829,This is tweet number 829,2024-02-04 12:00:00,True,False,2,2
830,This is tweet number 830,2024-02-04 13:00:00,False,True,3,2
831,This is tweet number 831,2024-02-04 14:00:00,True,False,2,2
832,This is tweet number 832,2024-02-04 15:00:00,True,True,4,0
833,This is tweet number 833,2024-02-04 16:00:00,True,False,4,3
834,This is tweet number 834,2024-02-04 17:00:00,False,True,5,5
835,This is tweet number 835,2024-02-04 18:00:00,True,False,8,2
836,This is tweet number 836,2024-02-04 19:00:00,False,False,6,2
837,This is tweet number 837,2024-02-04 20:00:00,True,False,3,4
838,This is tweet number 838,2024-02-04 21:00:00,True,False,5,5
839,This is tweet number 839,2024-02-04 22:00:00,False,False,6,4
840,This is tweet number 840,2024-02-04 23:00:00,True,True,3,2
841,This is tweet number 841,2024-02-05 00:00:00,True,False,8,2
842,This is tweet number 842,2024-02-05 01:00:00,False,False,8,2
843,This is tweet number 843,2024-02-05 02:00:00,True,False,5,2
844,This is tweet number 844,2024-02-05 03:00:00,True,True,4,2
845,This is tweet number 845,2024-02-05 04:00:00,True,False,2,3
846,This is tweet number 846,2024-02-05 05:00:00,True,True,6,5
847,This is tweet number 847,2024-02-05 06:00:00,False,False,5,3
848,This is tweet number 848,2024-02-05 07:00:00,False,False,6,3
849,This is tweet number 849,2024-02-05 08:00:00,True,True,7,5
850,This is tweet number 850,2024-02-05 09:00:00,False,False,3,4
851,This is tweet number 851,2024-02-05 10:00:00,True,True,9,1
852,This is tweet number 852,2024-02-05 11:00:00,False,True,2,2
853,This is tweet number 853,2024-02-05 12:00:00,True,False,0,1
854,This is tweet number 854,2024-02-05 13:00:00,True,True,6,5
855,This is tweet number 855,2024-02-05 14:00:00,True,False,4,0
856,This is tweet number 856,2024-02-05 15:00:00,True,False,6,5
857,This is tweet number 857,2024-02-05 16:00:00,True,True,4,4
858,This is tweet number 858,2024-02-05 17:00:00,True,True,5,3
859,This is tweet number 859,2024-02-05 18:00:00,False,True,2,3
860,This is tweet number 860,2024-02-05 19:00:00,True,True,5,3
861,This is tweet number 861,2024-02-05 20:00:00,False,False,4,1
862,This is tweet number 862,2024-02-05 21:00:00,True,False,3,1
863,This is tweet number 863,2024-02-05 22:00:00,False,True,5,2
864,This is tweet number 864,2024-02-05 23:00:00,False,False,3,3
865,This is tweet number 865,2024-02-06 00:00:00,False,False,3,3
866,This is tweet number 866,2024-02-06 01:00:00,True,False,4,3
867,This is tweet number 867,2024-02-06 02:00:00,True,False,8,4
868,This is tweet number 868,2024-02-06 03:00:00,False,True,5,5
869,This is tweet number 869,2024-02-06 04:00:00,True,True,4,2
870,This is tweet number 870,2024-02-06 05:00:00,False,False,4,2
871,This is tweet number 871,2024-02-06 06:00:00,True,True,4,3
872,This is tweet number 872,2024-02-06 07:00:00,False,True,4,2
873,This is tweet number 873,2024-02-06 08:00:00,False,True,7,4
874,This is tweet number 874,2024-02-06 09:00:00,True,False,8,5
875,This is tweet number 875,2024-02-06 10:00:00,False,False,7,4
876,This is tweet number 876,2024-02-06 11:00:00,True,False,3,4
877,This is tweet number 877,2024-02-06 12:00:00,False,True,6,5
878,This is tweet number 878,2024-02-06 13:00:00,False,False,6,2
879,This is tweet number 879,2024-02-06 14:00:00,True,False,4,5
880,This is tweet number 880,2024-02-06 15:00:00,True,True,6,1
881,This is tweet number 881,2024-02-06 16:00:00,True,False,9,2
882,This is tweet number 882,2024-02-06 17:00:00,False,False,6,3
883,This is tweet number 883,2024-02-06 18:00:00,True,True,4,3
884,This is tweet number 884,2024-02-06 19:00:00,False,True,6,3
885,This is tweet number 885,2024-02-06 20:00:00,False,True,7,2
886,This is tweet number 886,2024-02-06 21:00:00,True,False,4,5
887,This is tweet number 887,2024-02-06 22:00:00,True,False,3,3
888,This is tweet number 888,2024-02-06 23:00:00,False,False,4,2
889,This is tweet number 889,2024-02-07 00:00:00,False,True,5,3
890,This is tweet number 890,2024-02-07 01:00:00,True,True,3,6
891,This is tweet number 891,2024-02-07 02:00:00,True,False,5,8
892,This is tweet number 892,2024-02-07 03:00:00,True,False,3,3
893,This is tweet number 893,2024-02-07 04:00:00,True,True,5,0
894,This is tweet number 894,2024-02-07 05:00:00,True,True,5,5
895,This is tweet number 895,2024-02-07 06:00:00,False,True,5,3
896,This is tweet number 896,2024-02-07 07:00:00,False,True,6,4
897,This is tweet number 897,2024-02-07 08:00:00,False,False,6,3
898,This is tweet number 898,2024-02-07 09:00:00,False,True,6,2
899,This is tweet number 899,2024-02-07 10:00:00,True,False,5,3
900,This is tweet number 900,2024-02-07 11:00:00,True,False,7,1
901,This is tweet number 901,2024-02-07 12:00:00,True,False,3,3
902,This is tweet number 902,2024-02-07 13:00:00,False,True,5,0
903,This is tweet number 903,2024-02-07 14:00:00,False,True,7,1
904,This is tweet number 904,2024-02-07 15:00:00,True,True,2,3
905,This is tweet number 905,2024-02-07 16:00:00,True,True,8,1
906,This is tweet number 906,2024-02-07 17:00:00,False,False,4,0
907,This is tweet number 907,2024-02-07 18:00:00,False,True,2,0
908,This is tweet number 908,2024-02-07 19:00:00,True,True,5,4
909,This is tweet number 909,2024-02-07 20:00:00,True,False,5,3
910,This is tweet number 910,2024-02-07 21:00:00,False,True,4,4
911,This is tweet number 911,2024-02-07 22:00:00,True,False,6,7
912,This is tweet number 912,2024-02-07 23:00:00,True,False,8,3
913,This is tweet number 913,2024-02-08 00:00:00,True,False,4,1
914,This is tweet number 914,2024-02-08 01:00:00,False,False,3,3
915,This is tweet number 915,2024-02-08 02:00:00,False,False,6,3
916,This is tweet number 916,2024-02-08 03:00:00,False,False,4,2
917,This is tweet number 917,2024-02-08 04:00:00,False,False,2,7
918,This is tweet number 918,2024-02-08 05:00:00,False,False,3,2
919,This is tweet number 919,2024-02-08 06:00:00,False,True,1,4
920,This is tweet number 920,2024-02-08 07:00:00,False,True,9,3
921,This is tweet number 921,2024-02-08 08:00:00,True,True,5,2
922,This is tweet number 922,2024-02-08 09:00:00,True,True,3,0
923,This is tweet number 923,2024-02-08 10:00:00,True,False,4,7
924,This is tweet number 924,2024-02-08 11:00:00,True,True,3,5
925,This is tweet number 925,2024-02-08 12:00:00,True,False,4,5
926,This is tweet number 926,2024-02-08 13:00:00,True,True,6,1
927,This is tweet number 927,2024-02-08 14:00:00,True,True,4,4
928,This is tweet number 928,2024-02-08 15:00:00,False,True,2,4
929,This is tweet number 929,2024-02-08 16:00:00,False,False,6,2
930,This is tweet number 930,2024-02-08 17:00:00,True,True,3,1
931,This is tweet number 931,2024-02-08 18:00:00,True,False,6,4
932,This is tweet number 932,2024-02-08 19:00:00,False,False,2,5
933,This is tweet number 933,2024-02-08 20:00:00,True,True,8,5
934,This is tweet number 934,2024-02-08 21:00:00,True,True,3,2
935,This is tweet number 935,2024-02-08 22:00:00,False,True,6,6
936,This is tweet number 936,2024-02-08 23:00:00,True,False,4,3
937,This is tweet number 937,2024-02-09 00:00:00,False,True,5,4
938,This is tweet number 938,2024-02-09 01:00:00,True,False,6,4
939,This is tweet number 939,2024-02-09 02:00:00,False,False,1,2
940,This is tweet number 940,2024-02-09 03:00:00,False,True,5,10
941,This is tweet number 941,2024-02-09 04:00:00,False,True,7,4
942,This is tweet number 942,2024-02-09 05:00:00,True,False,6,3
943,This is tweet number 943,2024-02-09 06:00:00,False,False,6,0
944,This is tweet number 944,2024-02-09 07:00:00,True,False,7,2
945,This is tweet number 945,2024-02-09 08:00:00,True,True,4,2
946,This is tweet number 946,2024-02-09 09:00:00,True,False,3,1
947,This is tweet number 947,2024-02-09 10:00:00,True,True,8,4
948,This is tweet number 948,2024-02-09 11:00:00,False,False,4,4
949,This is tweet number 949,2024-02-09 12:00:00,False,False,5,2
950,This is tweet number 950,2024-02-09 13:00:00,True,True,5,3
951,This is tweet number 951,2024-02-09 14:00:00,True,False,3,6
952,This is tweet number 952,2024-02-09 15:00:00,False,True,9,2
953,This is tweet number 953,2024-02-09 16:00:00,True,True,8,2
954,This is tweet number 954,2024-02-09 17:00:00,False,False,6,4
955,This is tweet number 955,2024-02-09 18:00:00,True,True,3,5
956,This is tweet number 956,2024-02-09 19:00:00,True,True,5,2
957,This is tweet number 957,2024-02-09 20:00:00,False,False,5,2
958,This is tweet number 958,2024-02-09 21:00:00,True,True,5,4
959,This is tweet number 959,2024-02-09 22:00:00,False,True,3,3
960,This is tweet number 960,2024-02-09 23:00:00,True,True,7,4
961,This is tweet number 961,2024-02-10 00:00:00,True,False,3,3
962,This is tweet number 962,2024-02-10 01:00:00,True,True,0,2
963,This is tweet number 963,2024-02-10 02:00:00,False,False,6,5
964,This is tweet number 964,2024-02-10 03:00:00,True,False,6,0
965,This is tweet number 965,2024-02-10 04:00:00,True,True,4,4
966,This is tweet number 966,2024-02-10 05:00:00,True,True,5,3
967,This is tweet number 967,2024-02-10 06:00:00,True,True,9,1
968,This is tweet number 968,2024-02-10 07:00:00,False,False,5,4
969,This is tweet number 969,2024-02-10 08:00:00,False,True,4,4
970,This is tweet number 970,2024-02-10 09:00:00,True,True,3,3
971,This is tweet number 971,2024-02-10 10:00:00,False,True,6,0
972,This is tweet number 972,2024-02-10 11:00:00,True,True,2,3
973,This is tweet number 973,2024-02-10 12:00:00,True,True,6,5
974,This is tweet number 974,2024-02-10 13:00:00,True,False,6,1
975,This is tweet number 975,2024-02-10 14:00:00,False,False,6,5
976,This is tweet number 976,2024-02-10 15:00:00,False,True,5,2
977,This is tweet number 977,2024-02-10 16:00:00,False,True,3,2
978,This is tweet number 978,2024-02-10 17:00:00,False,True,4,2
979,This is tweet number 979,2024-02-10 18:00:00,False,True,4,3
980,This is tweet number 980,2024-02-10 19:00:00,False,False,5,5
981,This is tweet number 981,2024-02-10 20:00:00,False,True,4,5
982,This is tweet number 982,2024-02-10 21:00:00,False,False,4,2
983,This is tweet number 983,2024-02-10 22:00:00,False,False,5,3
984,This is tweet number 984,2024-02-10 23:00:00,True,True,5,0
985,This is tweet number 985,2024-02-11 00:00:00,False,False,5,4
986,This is tweet number 986,2024-02-11 01:00:00,False,False,7,2
987,This is tweet number 987,2024-02-11 02:00:00,False,False,3,8
988,This is tweet number 988,2024-02-11 03:00:00,False,False,2,5
989,This is tweet number 989,2024-02-11 04:00:00,False,True,4,4
990,This is tweet number 990,2024-02-11 05:00:00,False,True,4,3
991,This is tweet number 991,2024-02-11 06:00:00,False,False,6,3
992,This is tweet number 992,2024-02-11 07:00:00,False,True,3,1
993,This is tweet number 993,2024-02-11 08:00:00,False,True,5,1
994,This is tweet number 994,2024-02-11 09:00:00,False,True,5,3
995,This is tweet number 995,2024-02-11 10:00:00,False,True,5,4
996,This is tweet number 996,2024-02-11 11:00:00,True,True,5,2
997,This is tweet number 997,2024-02-11 12:00:00,True,False,3,2
998,This is tweet number 998,2024-02-11 13:00:00,False,True,10,4
999,This is tweet number 999,2024-02-11 14:00:00,False,True,5,2
1000,This is tweet number 1000,2024-02-11 15:00:00,True,True,4,3
